"","clust","clust.1","clust.2","clust.3","clust.4","clust.5","clust.6","clust.7","clust.8","clust.9"
"ACTTTCTAATCA",2,1,2,1,3,1,1,2,2,3
"GAGAGAAAACCT",3,2,1,3,1,2,2,1,1,1
"TACGGCTGTTAT",3,3,1,3,2,7,2,3,1,3
"GACGCGTAAGTG",2,1,2,1,3,2,1,4,2,1
"GAAAGGACTGCA",2,1,2,1,3,1,3,3,3,3
"TGACCTGGATAA",2,1,2,1,1,2,4,1,2,1
"ACTCCGTTCACT",2,1,2,1,3,2,1,1,3,1
"TAGGTAGCGCGC",2,1,2,1,3,1,3,3,1,3
"CTCTACCCTTCA",2,1,2,1,3,2,1,1,3,1
"GCCCGTTATCTG",2,1,2,1,3,2,1,2,4,3
"TTCTCGCCGTAA",2,1,2,1,3,1,3,3,1,1
"GCATGACATATA",4,3,1,4,1,2,1,3,1,1
"GAAATTTATTAG",2,1,2,1,3,26,3,3,4,2
"CGTCCACGCTTT",1,2,4,2,1,2,2,2,1,1
"CTCTGTTCGTCG",2,1,2,1,3,1,3,3,2,3
"GGTCCAAAAGCC",1,2,1,2,1,2,1,1,1,1
"TAAAACTTCATA",2,1,2,1,3,2,1,1,2,1
"AGAGCCAAGCAC",3,3,1,3,2,33,3,2,1,2
"TATTTCCAATAA",2,1,2,1,3,15,3,3,2,3
"TTTGCCTGCTGT",2,1,2,1,3,1,3,3,3,1
"CGTCCTGAGCTT",2,1,2,1,3,52,3,3,2,2
"TGTGCATGTAAC",2,1,2,1,3,1,2,2,1,3
"AGCGTATACTAA",1,2,1,2,1,2,1,2,1,1
"CGCTTAATCAGC",2,1,2,1,3,20,3,3,2,2
"AAATTCAGGCGG",2,1,2,1,3,5,3,2,2,3
"GACGCTGCCAGG",2,4,2,1,1,2,1,4,4,1
"ACCCTGTATTAC",2,1,2,1,3,2,4,1,3,1
"CATCTATCAAGG",2,1,2,1,3,4,3,3,2,3
"GTCAAGCACCGC",1,2,1,2,1,2,2,3,2,1
"AGGGCGTTGTAG",2,1,2,1,3,1,2,2,4,1
"AAATCGATGAAT",2,1,2,1,3,2,2,1,1,3
"TTTTCCGCCACC",1,2,1,2,1,2,2,1,1,1
"GGGTTCCTTCTT",3,3,1,3,2,27,3,3,1,2
"TAAACTCCGTCT",2,1,2,1,3,1,3,3,2,3
"ATAAAGAACATC",2,1,2,1,3,5,3,4,1,3
"ATGGTTTGTCCA",2,1,2,1,3,2,2,2,2,1
"GTGCCCTCTTTT",1,2,1,2,1,2,2,1,3,1
"GTCTCGCAGGTT",1,2,1,2,1,2,2,1,1,1
"CGCGCACTCGAT",3,3,1,3,2,63,2,2,3,3
"ACGGCCTCCAAA",2,1,2,1,3,22,3,2,3,3
"CATGAAAGTTGA",2,1,2,1,3,1,3,3,2,3
"CATGTCGCCTGA",1,2,1,2,1,1,2,1,1,3
"CTGTACTAGAAG",2,1,2,1,3,1,3,3,2,3
"ATCTCGTGGTGC",1,2,1,2,1,21,2,3,1,3
"GCACCATCATCA",2,1,2,1,3,2,1,4,2,1
"CTATCATTAAAT",1,2,1,2,1,2,2,1,3,1
"TGAGGCGATGAC",2,1,2,1,3,1,1,2,3,1
"ATAAACAGCTGC",2,1,2,1,3,2,1,1,2,1
"GCCCCGAGTGGT",1,3,1,2,1,1,3,3,2,1
"TTCCTTTCGTGC",2,1,2,1,3,2,1,1,2,1
"ACGCCCGGTACA",1,2,1,2,1,2,2,1,3,1
"AGTCATCAATTC",2,1,2,1,3,1,3,3,1,3
"ACTCCTATACCC",2,1,2,1,3,2,1,1,1,3
"TCTCCGTTCCGC",1,2,1,2,1,4,3,4,2,3
"TCATGAGTTCCG",2,1,2,1,3,1,2,3,2,3
"AAGTCGATCAAC",2,4,2,1,1,2,1,1,4,1
"GTATTATTATCT",2,1,2,1,3,1,3,1,1,1
"CGCACTATCTTC",2,1,2,1,3,2,1,1,2,1
"TACGAATACCTC",2,1,2,1,3,1,3,4,2,3
"ACTTGGTTCAAG",1,2,1,2,1,1,2,2,1,1
"CTCACCATACGG",1,2,1,2,1,2,2,1,1,1
"TTCATTGAGCAT",2,1,2,1,3,1,1,1,2,3
"ATCACGGTCCAC",2,1,2,1,3,3,3,1,2,2
"CACGATTTTACT",2,1,2,1,3,12,3,1,2,3
"GCCGTGAAGGTG",3,3,1,3,2,59,3,3,1,2
"GACAAACCCGCA",3,3,1,3,2,29,3,2,2,2
"AGACGAATCTAA",1,2,1,2,1,2,2,1,1,1
"CCGATCATAAGA",3,3,1,3,2,16,2,1,1,3
"TCTCGACGCTTG",2,3,1,1,1,63,3,3,1,2
"AGTTTTAGATTA",3,3,1,3,2,1,2,1,4,3
"CGAGTAAATATC",1,3,1,2,1,1,3,1,1,3
"ATTGCTTTCTGT",2,1,2,1,3,1,2,1,3,3
"GACGGATGTCAA",4,3,3,4,4,1,3,2,1,1
"GAAGCATAAGCC",2,1,2,1,3,11,2,2,2,2
"CCTACGGGTCAT",2,4,2,1,3,2,4,1,2,1
"GATTGGACCATT",2,1,2,1,3,1,3,4,2,3
"GCCCGATCGTTC",2,1,2,1,3,2,1,1,3,1
"TAGTAAGGCACT",2,1,2,1,3,43,3,1,2,2
"CGCGTTTTTATA",2,1,2,1,3,5,2,1,4,3
"GTCAGATTGCCT",2,1,2,1,3,2,4,1,2,1
"CACAACCGGTCT",2,1,2,1,3,1,1,1,3,3
"TCCCCCTCGGCT",1,2,1,2,1,1,2,1,1,3
"AGCTCGATTAAA",1,2,1,2,1,5,3,1,1,3
"TAGTGATTGTTC",1,2,1,2,1,38,3,3,2,2
"TACTCGTTACCT",1,2,1,2,1,2,2,1,3,1
"CGACAGTGAGTC",2,1,2,1,3,8,3,1,4,3
"GCTGACCGTCTC",1,2,1,2,1,2,2,1,2,1
"TTAACGCCTACC",1,2,1,2,1,2,1,1,1,1
"CGCCACGTCCCT",1,2,1,2,1,1,3,1,1,1
"TGCCGGTTGTTC",1,2,1,2,1,15,3,1,1,3
"TTCTAGGCCCGT",2,1,2,1,3,3,3,1,1,2
"ATCAACTAGAAT",2,1,2,1,3,8,3,4,2,2
"GCCCATCCTTCC",2,1,2,1,3,1,2,1,3,1
"GCAGTATCTCAA",2,1,2,1,3,2,1,1,3,1
"ATTGACCTTTTC",2,1,2,1,3,14,3,1,1,2
"GACGTATATGCC",2,1,2,1,3,2,4,1,1,1
"ATACGACGATTC",3,3,1,3,2,3,3,1,1,3
"CCCGACTCTCTA",2,1,2,1,3,4,3,1,2,2
"ACCGTTAGTGAC",2,1,2,1,3,1,3,1,3,3
"CGGCGCTTGCAC",1,2,1,2,1,2,2,1,1,1
"CTCCTAGCCGTA",2,1,2,1,3,1,3,1,2,1
"GCGTCAAAGCGA",2,1,2,1,3,2,1,1,2,1
"AGGTGTGTGTCC",2,1,2,1,3,2,2,1,3,3
"GCAACGCCCGCC",1,2,1,2,1,1,2,1,2,3
"AGTGGATCGCGT",1,2,1,2,1,2,2,1,1,1
"ACAGAGAGGACA",1,2,1,2,1,2,2,1,1,1
"TTCTGGACATGC",1,2,1,2,1,14,3,1,1,2
"GCAGAACGCGGT",2,1,2,1,3,2,1,1,3,1
"GCTCCTATGATA",3,3,1,3,2,20,3,2,1,2
"ATCCTCTTACAT",2,1,2,1,3,2,4,1,1,1
"GGCTAAACGTAT",1,2,1,2,1,1,3,1,2,3
"ATTTCGCACGTT",1,2,1,2,1,2,1,1,2,1
"GGTATACTGATC",2,1,2,1,3,1,3,1,2,1
"CGTAACGGATCA",1,2,1,2,1,64,3,1,1,2
"CCGGCATTCTCG",1,3,1,2,1,2,2,1,1,1
"TTGCCTGCATTC",1,2,1,2,1,2,2,1,2,1
"GTGGAGCTGTAA",2,1,2,1,3,2,4,1,3,1
"GCATTTCGAACC",1,2,1,2,1,2,3,1,2,1
"GCCTTCTGTGGC",2,1,2,1,3,2,1,1,4,3
"GGACGGTGCGTC",3,3,1,3,2,1,3,2,2,3
"ACGTCATCCGTA",3,3,1,3,2,27,2,2,1,2
"TGATCCGGACTT",2,1,2,1,3,22,3,1,2,2
"CAGCAGTGAGAA",3,3,1,3,2,28,3,2,2,2
"CCCTTGTCATAA",2,1,2,1,3,2,1,1,1,1
"AGTCTCCTACTC",1,2,1,2,1,1,3,1,3,3
"CCGGTCACCCGT",1,2,1,2,1,29,3,1,1,2
"CAAAGGGCACTA",1,2,1,2,1,2,1,1,4,1
"AAACCATTCTTC",1,2,1,2,1,2,2,1,1,1
"GTGTTCGTCACC",1,2,1,2,1,1,2,1,1,3
"AAGGCTGGTGAC",2,1,2,1,3,2,1,1,1,3
"CTTCAAACTCCC",2,1,2,1,3,2,4,1,3,1
"GCGCCATGTCCC",3,3,1,3,2,2,2,2,1,1
"GGTGGTGAGTAT",2,1,2,1,3,2,3,1,2,3
"CCCAACATGGAT",3,3,1,3,2,1,1,1,1,3
"CCACGGAGACAA",1,2,1,2,1,2,1,2,4,3
"TTCCTTTCGGTA",2,1,2,1,3,1,3,3,1,3
"ACTTACCTACCC",1,2,1,2,1,2,1,1,4,1
"CTGAGTCCAACA",4,3,1,4,1,1,3,1,2,1
"GTGAGTCAGCCT",1,2,1,2,1,2,2,1,1,1
"GTGCTTATAGTC",1,2,1,2,1,2,1,1,1,1
"GTGTATTAGGTT",3,3,1,3,2,1,3,1,1,3
"GCTGGCCGTTGA",1,2,1,2,1,2,1,1,4,1
"CCCCCCTGGGCT",1,2,1,2,1,11,3,3,2,2
"AAAACACTCCTG",1,2,1,2,1,1,2,2,2,3
"ACCAGACCCTAT",2,1,2,1,3,14,3,1,4,3
"CGATCATGGTCC",1,2,1,2,1,10,3,1,1,3
"ACTCATAACTAG",2,1,2,1,3,2,1,1,4,3
"CTGGATGAGCCC",1,2,1,2,1,2,2,1,3,1
"AGCCTTAGAACA",1,2,1,2,1,2,4,1,1,1
"ACAATACGCGAG",2,1,2,1,3,18,3,1,1,2
"AACTTGGGACTT",1,2,1,2,1,6,2,1,1,3
"TGGCCGATGGGA",1,2,1,2,1,2,2,1,2,1
"CTCCTTATCCCA",1,2,1,2,1,2,2,1,1,1
"AGCCCCTCACGC",1,2,1,2,1,1,3,1,2,1
"TTCAGTTGTCTT",3,3,1,3,2,2,1,1,3,3
"GGAATGCAGATA",2,4,2,1,3,65,3,2,1,2
"GTGGCCCTCACC",2,1,2,1,3,2,4,1,1,1
"GGGCTCCACCAT",2,1,2,1,3,11,3,1,1,2
"GTGATCGCTGGA",2,1,2,1,3,1,3,1,3,3
"AATGCCAGACTA",2,1,2,1,3,2,2,1,4,3
"AATGTAGTCTCT",1,2,1,2,1,2,2,1,3,1
"CTTTATCAAAAA",2,1,2,1,3,1,2,1,2,1
"TACCCCCGTATC",2,1,2,1,3,4,3,4,4,3
"TCAAGAATTGAA",1,2,1,2,1,2,2,1,2,1
"TCCAGCCAAGGA",1,2,1,2,1,2,1,1,1,1
"CAGCTTCTCGAA",1,2,1,2,1,1,2,2,1,3
"CTGCCAAGACTC",1,2,1,2,1,2,2,1,1,1
"AAACCGGATATC",1,2,1,2,1,1,2,1,2,3
"TGCACTATCCTT",1,2,1,2,1,2,2,1,1,1
"TAGGTAACTAGC",1,2,1,2,1,2,4,1,4,1
"ACCCTAATTTAA",1,2,1,2,1,1,3,1,1,3
"GATGTCACCAAC",2,1,2,1,3,2,4,1,3,1
"TGGAAAAGGTTT",1,2,1,2,1,2,1,1,2,1
"CGCTATTTGCTA",2,1,2,1,3,2,1,1,2,3
"TGAGGCGCAACC",1,2,1,2,1,12,3,3,1,3
"GACCCGGACGAG",2,1,2,1,3,1,3,1,2,3
"AACTAGCCAAAG",2,1,2,1,3,3,3,1,2,3
"ACGCTTATGACC",3,3,1,3,2,4,2,2,1,3
"CCGACGAAGGTT",1,2,1,2,1,1,2,3,1,3
"CCAAAGTGTACC",1,2,1,2,1,1,3,1,2,3
"GCTCCAGCCGGA",2,1,2,1,3,1,3,1,2,3
"GTTATATACGAC",2,4,2,1,3,1,3,1,1,1
"TACCAAAACATT",2,4,2,1,3,2,4,1,1,1
"AAACATCCCAGC",4,3,3,4,4,1,3,1,1,3
"AACCTTGGTCTC",3,3,1,3,2,1,3,3,1,1
"AATGATTCTGGC",1,2,1,2,1,2,1,1,3,3
"AGCGTGTTTGAA",2,1,2,1,3,2,1,1,3,1
"AATAAATCTATC",1,2,1,2,1,2,2,1,1,1
"CGAAACGGAGGC",3,3,1,3,2,8,3,1,2,2
"TTCATGCCATGT",1,2,1,2,1,1,2,2,3,3
"TAAGACTGCTAC",2,4,2,1,3,2,2,1,4,1
"TCGGCCTTTCCC",4,3,3,4,4,2,4,1,3,1
"ACTGCCTATGGA",1,2,1,2,1,1,3,1,2,1
"ATTGGATGTGGT",2,1,2,1,3,2,1,1,2,3
"GATAGTACCGAA",3,3,1,3,2,2,1,1,1,3
"CGAGGTGTTCGT",3,3,1,3,2,47,3,1,1,2
"GGTCTTTGTGCC",2,1,2,1,3,2,1,1,2,1
"AAGGTCAGCGGC",3,3,1,3,2,29,3,2,1,2
"GTACCACTTCAC",2,1,2,1,3,2,1,1,3,1
"GTACTGGGTCCC",2,1,2,1,3,2,4,1,3,1
"TTGAGTGAACTG",3,3,1,3,2,11,3,1,1,3
"GAATCCTCAGGC",2,1,2,1,3,8,3,1,1,3
"GGGCGCGATTTC",1,2,1,2,1,2,2,2,4,1
"GTATCGTCGGAT",2,1,2,1,3,2,1,1,3,1
"AGGAGCCCCCGA",1,2,1,2,1,2,2,1,3,1
"CGACACTTCCCC",3,3,1,3,2,3,2,4,1,3
"ACCAACCTCAGT",3,3,1,3,2,59,2,2,1,2
"GGTTCGGGATAC",2,1,2,1,3,1,2,1,2,3
"TTGCCCGGGTGA",1,3,3,2,1,1,3,1,4,3
"TATTCGCGGTGT",2,1,2,1,3,1,3,3,4,3
"GAATTAGGCAAC",1,2,1,2,1,2,1,1,1,1
"GGAGGATACTTA",2,1,2,1,3,3,3,4,2,2
"CGAATCTTTCAC",1,2,1,2,1,7,3,1,2,3
"GATGTACGCAAA",1,2,1,2,1,1,3,1,2,3
"ACCCTGGAAACC",3,3,1,3,2,1,2,1,1,1
"CCCGACAAAGAA",3,3,1,3,2,1,2,1,1,3
"TACACGGACTAC",4,3,3,4,4,5,3,1,1,3
"CCCGAGCACGCG",1,2,1,2,1,1,2,1,1,1
"AGGGTCCGAATT",3,3,1,3,2,41,2,3,2,2
"TAACACAATTCG",2,1,2,1,3,2,1,1,4,3
"TGGGATTGACTA",1,2,1,2,1,7,3,4,1,2
"GACTCACCTTGT",3,3,1,3,2,1,3,1,2,3
"TGGCATTCTCCC",1,2,1,2,1,2,2,1,1,3
"CGTTGTTTGAAG",3,3,1,3,2,27,3,2,1,3
"GCGGATCTATTG",1,2,1,2,1,2,2,3,1,4
"CCGGGACATGAT",3,3,1,3,2,45,3,4,1,2
"TGTTCATTTCGT",1,2,1,2,1,1,2,1,1,1
"CACATCATTAAC",2,1,2,1,3,1,1,1,2,1
"AACGTCCTACTA",2,1,2,1,3,60,3,1,2,2
"GCAGGCTAGTCA",1,2,1,2,1,1,2,1,3,1
"CTTGCGGCCGCA",3,3,1,3,2,9,2,1,3,3
"ACCCTCGGTTTA",2,1,2,1,3,1,3,3,4,1
"AGATTACATCGT",2,1,2,1,3,1,3,4,1,1
"GTGATGCATAGA",2,1,2,1,3,2,1,1,2,1
"TGCCAACCATCA",2,3,2,2,1,1,2,1,1,1
"ACTGCCTCGATC",2,1,2,1,3,1,1,2,2,1
"CGCCGCTGAGTT",2,3,2,2,1,2,1,1,3,1
"CGATAGGTCTGT",1,2,1,2,1,1,3,1,1,3
"GTCTGAGTGCAG",1,2,1,2,1,2,1,1,1,1
"GTAGCCGATCAA",1,2,1,2,1,2,1,1,1,1
"AGGCTGATGGAT",2,1,2,1,3,1,3,1,2,1
"GTACGGTAACCG",3,3,1,3,2,9,2,1,3,3
"TGTACTCCCCCA",1,2,1,2,1,2,2,1,4,1
"CTATTCCTATGA",1,2,1,2,1,2,2,1,3,1
"GTTTTCCGCGTT",3,3,1,3,2,34,2,2,1,2
"TAAATCCTTCAT",1,2,1,2,1,1,2,1,3,3
"ACAAATAACAGT",3,3,1,3,2,1,2,1,3,1
"TCGTGGTTTTTC",2,1,2,1,3,2,1,1,3,1
"AGGCTTCGTAAC",3,4,2,3,3,1,3,1,1,3
"ATCGGGCAAACG",2,1,2,1,3,1,3,1,3,1
"CACTCAGCGGCC",1,2,1,2,1,2,1,1,3,3
"GCGACGCCACCA",2,4,2,1,3,2,4,1,2,1
"TGTGCACTTAAG",2,1,2,1,3,2,1,1,2,1
"GCGCTCTAAAGA",2,1,2,1,3,2,4,1,3,1
"GGACCCCGTCAT",1,2,1,2,1,1,3,2,2,3
"CCAAATGCGGAT",2,1,2,1,3,2,2,1,3,1
"AGTCGTTTTCGA",3,3,1,3,2,8,3,1,1,2
"TGGATGCACAGA",1,2,1,2,1,1,3,1,1,1
"ATAAGCGACGAA",2,1,2,1,3,20,3,2,1,2
"TCAGCTTCGCCA",1,2,1,2,1,1,2,2,1,3
"AAGGTCCTCAGC",1,2,1,2,1,36,3,2,3,2
"GGCTAATATCCG",3,3,1,3,2,1,3,1,3,1
"CAAGTACGCCCT",2,1,2,1,3,1,3,3,2,1
"ATTGAGCAGGAT",3,3,1,3,2,1,1,2,4,1
"GACACCTTCAGA",1,2,2,2,1,2,2,1,1,1
"GCGTCCGACGCC",1,2,1,2,1,4,3,3,2,3
"CCCTCCTCGGGC",1,2,1,2,1,2,2,1,1,1
"GTCCAGGATGCC",1,2,1,2,1,2,3,1,1,1
"CGTGGGGTGTTC",4,3,3,4,4,32,3,1,1,2
"CGACAGAAGATG",2,1,2,1,3,1,2,1,2,1
"GTCGCGTCCGTA",3,3,1,3,2,64,2,2,2,2
"GCCTTCCTGCCC",2,4,2,1,3,2,1,1,1,1
"AGAGGTAACCTT",2,1,2,1,3,1,3,1,2,3
"AAAAACGGCCTG",2,1,2,1,3,1,3,1,2,3
"AGGTGACCACTC",1,2,1,2,1,2,2,1,1,1
"CGTGTCGAGATA",1,2,1,2,1,2,2,1,1,1
"CGTGCTTTCCCA",2,1,2,1,3,1,2,1,2,3
"TTTGACAGTATG",2,1,2,1,3,1,3,1,2,3
"AGTCTAAGGTTA",1,3,2,2,1,3,3,1,1,1
"GGCCACTTGCTG",1,2,1,2,1,2,1,1,1,1
"AACCATAGTTAG",1,2,1,2,1,1,3,2,4,3
"ACTCCATAACTT",1,2,1,2,1,5,3,2,1,3
"TTCGTTTCAATC",2,4,2,1,3,2,1,1,4,1
"TTCTTATGCCCG",2,1,2,1,3,4,3,1,2,3
"ACTGGGGCTTTA",2,1,2,1,3,1,3,1,2,3
"TCGTGGATTTCG",2,4,2,1,3,2,4,1,3,1
"AACATCCCTGAG",2,1,2,1,3,1,3,1,2,3
"GCGGAAGATAGA",1,2,1,2,1,2,1,1,1,4
"GCGAGCCAAGGG",3,3,1,3,2,58,3,2,1,2
"AACATCCATTCT",3,3,1,3,2,2,1,1,4,3
"CTCAAGGTTGGA",1,2,1,2,1,2,2,1,1,3
"GACACTAGTGCT",1,2,1,2,1,1,2,1,2,3
"CTCATAGGCACA",1,2,1,2,1,2,1,1,1,1
"AAAGTGCCACAT",3,3,1,3,2,1,2,1,4,3
"AGAGAAGGTTCC",2,1,2,1,3,1,3,1,2,3
"CATCTTAATTAG",1,2,1,2,1,1,2,1,1,1
"GCCTGACGACAA",2,1,2,1,3,2,2,1,3,3
"AAGGGTGCTAAC",1,2,1,2,1,20,2,3,2,2
"GCGCTGCTGAAA",3,3,1,3,2,1,3,2,2,3
"GTGTGAAACAAA",1,2,1,2,1,2,2,1,3,1
"ACTCTAAAAGGG",2,1,2,1,3,2,1,1,2,3
"GGGACGCCCTCA",2,1,2,1,3,1,3,1,4,3
"GTACCATGTGAT",1,2,1,2,1,30,3,2,1,3
"GCCGTACCGCCT",1,2,1,2,1,2,2,1,3,1
"TACACGGCCCGC",1,2,1,2,1,1,3,1,3,1
"ATTCTAACGCCC",4,3,3,4,4,40,2,1,2,2
"CCCACTGTGGGT",1,2,1,2,1,12,3,1,2,2
"GTCACTGGTCGC",1,2,1,2,1,2,2,1,1,1
"CGCTCAGTTCCA",1,2,1,2,1,30,3,1,2,2
"TGTGTTCTGGAG",1,2,1,2,1,1,3,3,2,1
"TCGGATGTTGCC",4,3,3,4,4,2,2,1,3,1
"ATACAGTCGTCA",1,2,1,2,1,2,2,1,2,1
"TAAGCCTCACAC",4,3,3,4,4,2,1,1,2,1
"TACAAGCTGCAG",2,1,2,1,3,1,1,1,1,1
"GTTTGCATGGTA",3,3,1,3,2,67,3,2,1,3
"AATAGCACTGAA",2,1,2,1,3,1,3,1,2,3
"TTACAGATCTAT",1,2,1,2,1,48,2,2,1,2
"CGATCCGGCGTA",2,1,2,1,3,1,1,4,2,1
"AAGGAGAAATGT",4,3,3,4,4,23,3,1,1,2
"CTATTGCTCGTT",1,2,1,2,1,6,3,1,3,1
"GTATGTTATGGT",1,2,1,2,1,2,1,1,4,1
"TAACCTTACGAC",2,1,2,1,3,2,1,1,3,1
"CCTTGTCCGTTA",3,3,1,3,2,1,3,1,1,3
"AGTAGAATACAA",1,2,1,2,1,2,2,1,1,1
"ACATCTTTGTCC",3,3,1,3,2,3,3,1,2,3
"GGCAATGACCAC",4,3,3,4,4,53,3,1,1,2
"GTAAGATGGCGC",1,2,1,2,1,7,3,1,2,1
"GTAGCTGTGTTC",1,2,1,2,1,2,1,1,1,1
"TGCCTCTGGCCT",2,1,2,1,3,1,2,4,2,3
"CCGGTAGGCAGC",1,2,1,2,1,9,3,2,1,3
"CTCGACGTGTGA",2,1,2,1,3,1,3,1,2,3
"AAACCCATGTAC",2,1,2,1,3,1,1,1,2,3
"CCTAAATATGTC",1,2,1,2,1,1,3,1,2,1
"AAAAGTGTCACG",1,2,1,2,1,9,3,1,2,3
"TTGTGAAACCCG",1,2,1,2,1,2,2,1,1,1
"CGAGTTTATCTC",1,2,1,2,1,2,1,1,2,1
"GCGGTTATGTAG",1,2,1,2,1,28,3,2,1,2
"TGATTAATGGAG",1,2,1,2,1,2,1,2,1,1
"TGTCGCTGCTCC",2,1,2,1,3,1,3,1,2,1
"GAGATGTCTCTT",1,2,1,2,1,2,1,1,1,1
"TGCACCATATCA",2,1,2,1,3,2,2,1,4,1
"GATAAGCCGTGA",1,2,1,2,1,1,3,1,1,3
"TGTAGCAACGAG",3,3,1,3,2,6,3,1,3,3
"TTACGGATCGAA",2,1,2,1,3,1,1,1,2,1
"AGCTAGGTCTCA",2,1,2,1,3,1,2,1,2,3
"GTACCCTTTGCT",1,2,1,2,1,1,3,1,2,3
"TCGGATCATCGC",1,2,1,2,1,1,2,1,1,1
"CAGTGCCCATCT",2,1,2,1,3,1,3,1,2,1
"TGCACCGGACTC",2,1,2,1,3,1,3,2,2,3
"ATCACAGGCACG",4,3,3,4,4,7,3,1,1,2
"TGGGTATCGATG",4,3,3,4,4,10,2,3,1,3
"AAGCCTGATGCC",2,1,2,1,3,1,1,1,4,1
"GATGCTACCCAA",2,1,2,1,3,1,3,1,4,1
"GCCGCTGCAGGC",2,1,2,1,3,59,3,1,1,2
"TGCTGCGCGCAC",1,2,1,2,1,2,2,1,2,3
"TGTGATGGTCGA",2,4,2,1,3,1,3,1,2,3
"GCAGCCCCGCTG",1,2,1,2,1,14,3,1,2,3
"GGTAAACTACCC",2,4,2,1,3,2,4,1,3,1
"GGTCACAACCGT",3,3,1,3,2,26,2,2,1,2
"AACTCAGTTATG",1,2,1,2,1,2,2,1,1,1
"GGCTCTCGTGGC",2,1,2,1,3,2,2,1,2,1
"CTGGAGGCCCAA",1,3,2,1,1,2,4,1,3,1
"ACGAGCTAAGTC",1,2,1,2,1,1,3,1,4,1
"TAGGGGGCGCTC",1,2,1,2,1,1,2,1,1,1
"CAGATTTAGGAA",2,4,2,1,1,2,2,1,2,4
"ATTGGTCAATTA",2,3,2,1,3,2,1,1,4,1
"TTTTATTGATCT",3,3,1,3,2,1,3,1,2,3
"TCACAGACTTAG",1,2,1,2,1,1,2,2,1,1
"GCACTTACAGCG",2,1,2,1,3,1,3,1,3,3
"AACTTACAACAG",4,3,3,4,4,1,1,1,1,3
"ACTTCCATACCT",4,3,3,4,4,32,3,3,2,2
"CGAAGAAACCTC",1,2,1,2,1,1,1,1,1,1
"AAGCTTTCCAAT",2,4,2,1,3,2,1,1,2,1
"CTGATGCATAAA",1,2,1,2,1,11,3,2,1,3
"AAATACGCCAAG",3,3,1,3,2,5,3,1,4,3
"CTGCAGTACCAG",4,3,3,4,4,5,2,2,2,2
"GGTCATGGTGGT",2,1,2,1,3,3,3,4,2,3
"GGCACAATCGCG",2,1,2,1,3,2,2,1,4,3
"AATTCTTGCCAA",4,3,3,4,4,46,3,3,2,2
"GAGATTCTCTAC",4,3,3,4,4,57,2,2,3,2
"TTTCAAGCAACC",4,3,3,4,4,2,1,1,3,3
"GTGCGGACCACA",3,3,1,3,2,5,2,1,1,2
"TCCTACGACCAA",3,3,1,3,2,1,2,1,1,3
"CCCGGGAAGGTA",1,2,1,2,1,1,3,1,4,1
"GGATCAAAATGG",1,3,2,1,1,1,2,2,3,1
"TGGACGCGCTTT",1,2,1,2,1,1,2,1,1,1
"CCAGATCGAAGA",4,3,3,4,4,10,3,1,2,2
"GTCCAAACGCCT",1,2,1,2,1,10,3,1,2,2
"TGGGTACGGCCC",1,2,1,2,1,1,3,1,1,3
"CGCGTGTTCTAT",3,3,1,3,2,16,3,2,1,2
"CGTCAACAGTGT",1,2,1,2,1,2,2,1,1,1
"TAAGAGGGCTAC",2,1,2,1,3,2,1,1,1,1
"AACCCACGTGGT",4,3,3,4,4,17,3,1,2,2
"CTGGGCTCTTTA",2,1,2,1,3,1,3,1,3,3
"TAGTTCCGCCTG",1,2,1,2,1,2,2,2,4,1
"GCACACTTCGAA",2,4,2,1,3,2,1,1,2,1
"TAGTAAATATTG",2,4,2,1,3,2,1,1,4,1
"TTGACATCTTAA",3,3,1,3,2,37,3,2,1,2
"GTACTGATCCGA",1,2,1,2,1,1,2,1,1,3
"GTGCTGTGTAAG",1,2,1,2,1,2,1,1,1,1
"CTGCCAGAAAAT",2,1,2,1,3,18,3,1,2,3
"AGATGGGCCGAA",3,3,1,3,2,35,3,3,2,2
"CCATTAGCGACA",1,2,1,2,1,5,3,1,2,3
"GCTACCCCAACA",2,3,2,1,1,1,3,1,1,1
"CGTTCGATTCCG",2,4,2,1,3,1,1,1,3,1
"GAACCGTCAAAC",2,1,2,1,3,5,3,1,2,2
"AGATGATCCGGC",2,1,2,1,3,3,3,1,2,3
"GTCATCGGTCCA",1,2,1,2,1,2,1,1,3,1
"GTTAAAGCGAGG",4,3,3,4,4,9,3,1,2,3
"CGCAGCTATCAT",3,3,1,3,2,10,3,1,1,2
"CTTGAGCACTAG",1,2,1,2,1,1,2,2,1,1
"ACTCTGCCGCGA",1,2,1,2,1,1,3,1,1,3
"ACTTACAGCGTG",3,3,1,3,2,1,3,1,2,3
"TTTACTTTGTGG",3,3,1,3,2,1,2,1,1,3
"CCGCCTCCGGAT",4,3,3,4,4,16,3,3,1,2
"TCAGCGTACTTC",1,2,1,2,1,1,3,2,1,1
"GATCCCTTGGTA",3,3,1,3,2,1,3,3,2,3
"CAAGGCTGAACT",1,2,1,2,1,1,2,1,1,3
"CGATGCCGAGAA",3,3,1,3,2,3,3,1,2,2
"CCACTTAGAGAC",3,3,1,3,2,6,3,1,2,2
"CTTCTAAAGACG",2,1,2,1,3,1,3,1,3,1
"GAGTCGCTAGGA",1,2,1,2,1,2,2,1,1,1
"AGGAAATTCCCG",1,2,1,2,1,1,2,1,3,1
"AACAAAATGGAA",2,4,2,1,3,1,3,1,2,3
"TTTGCGGCGTTG",1,2,1,2,1,1,3,1,2,1
"AGATGCAATCCT",3,3,1,3,2,51,3,3,1,2
"GCGATCCGGTGA",1,2,1,2,1,1,2,1,2,1
"GCCCCCAAATAG",1,2,1,2,1,2,1,1,2,1
"CAAGTTAGGTCC",3,3,1,3,2,9,3,1,1,2
"CCACCCATAAGG",2,4,2,1,3,1,1,1,2,3
"TTAACTGTACAT",1,2,1,2,1,2,2,1,1,1
"CTGCTACATTCA",3,3,1,3,2,9,3,2,1,2
"TGCACCACCACA",1,2,1,2,1,1,2,2,2,3
"GCCCGCTGGGGT",3,3,1,3,2,5,3,4,2,2
"CGTGGAGCTATT",3,3,1,3,2,1,3,1,1,1
"TTCTTCACCTTC",1,2,1,2,1,1,3,1,3,3
"TACTTTGCAGGT",1,2,1,2,1,1,3,1,2,1
"TGTGGAGATTCC",4,3,3,4,4,2,1,1,1,1
"TTTGGTGGTCCA",4,3,3,4,4,4,3,4,2,2
"CGTCTTTTCTGT",1,3,1,2,1,40,2,1,2,2
"CCGGTTCTCGCA",1,3,2,2,3,1,3,1,2,3
"GCGCCCCGCTGC",1,2,1,2,1,1,3,3,2,1
"TAAGTGCGGCAT",4,3,3,4,4,40,3,3,1,2
"GCCGCCGCTATT",1,3,1,2,1,2,4,1,1,1
"GGCAGTCATCCA",3,3,1,3,2,1,2,2,1,1
"CCCTCTACGATT",4,3,3,4,4,9,2,1,4,3
"GGGCGCCCTGAT",3,3,1,3,2,8,3,1,2,3
"GAGGGACAGCCG",3,3,1,3,2,52,3,1,4,2
"CACGCCAACTCT",4,3,3,4,4,34,3,1,1,2
"TTCTACGCAAAG",1,2,1,2,1,1,3,1,3,3
"GTAGCAACGCGG",1,2,1,2,1,1,3,1,1,1
"TCAAATGTTGGC",2,1,2,1,3,1,3,1,2,3
"CGAGCTGTTATC",1,2,1,2,1,2,2,1,1,4
"AACTGATGGCTA",2,1,2,1,3,44,3,4,1,2
"GTCGCATAACAG",1,2,1,2,1,1,2,1,2,1
"CAACTTGGAAAT",4,3,3,4,4,1,2,1,2,3
"AACGTACGAACC",2,4,2,1,3,1,3,1,2,3
"CACTCGGATAAT",2,1,2,1,3,6,2,1,3,3
"AACAAACGACCA",1,2,1,2,1,1,3,1,2,1
"GCATGTGGGAAA",4,3,3,4,4,2,4,1,3,1
"AAATATGATAGA",1,2,1,2,1,1,3,1,1,3
"CAAGACCGAGAA",2,1,2,1,3,1,2,1,2,1
"ACTAGCTCGCGT",2,1,2,1,3,2,1,2,4,1
"CAGTTACGAATG",1,2,1,2,1,31,3,1,2,2
"ACTCCGCCACAA",1,2,1,2,1,1,2,1,2,1
"GCTCATGACCCT",2,1,2,1,3,2,1,1,1,3
"CGATCCAGATGA",1,2,1,2,1,2,1,1,3,1
"AAAGGACTTAGT",2,4,2,1,3,1,3,1,2,3
"ATGTAATTTGTC",1,2,1,2,1,1,3,1,1,3
"CGTAGTGTGCGA",1,2,1,2,1,2,2,1,2,1
"GCAACTGTCCCT",1,2,1,2,1,1,3,1,2,3
"CTAGACCCATTT",3,3,1,3,2,23,3,1,2,2
"GGGGCAGGGACT",1,2,1,2,1,5,3,3,2,3
"TGCGGGCAGGAG",2,1,2,1,3,8,3,1,2,1
"CACTTCCTTGTT",3,3,1,3,2,1,2,2,1,3
"AGCTAACGGGTA",3,3,1,3,2,49,3,1,1,2
"AAGAAGCCACAG",2,1,2,1,3,2,1,1,3,1
"CAGACTTCTTCG",1,2,1,2,1,1,2,1,4,3
"GCGCTTACATAT",2,1,2,1,3,4,3,1,2,3
"GTTTCGCTAGGG",1,2,1,2,1,1,3,1,2,1
"ACCGGTAGCTGA",2,1,2,1,3,2,1,1,3,1
"AAGGTGTCTCCA",3,3,1,3,2,12,2,2,1,2
"CGGCGCGAAGAG",3,3,1,3,2,51,2,2,2,2
"TCGCATCGCTGC",4,3,3,4,4,6,3,1,1,1
"TTTTAATCCTCG",2,1,2,1,3,2,1,1,2,1
"GATTGGCCTCTC",2,4,2,1,3,2,4,1,2,1
"TTCTCGTGTCAA",1,2,1,2,1,1,3,1,2,3
"CTGACCTTGATG",1,2,1,2,1,1,2,1,2,3
"TATTATCATCCG",4,3,3,4,4,2,1,1,4,1
"GTTTATAACACG",1,2,1,2,1,1,3,1,2,3
"TGGCCTGGCGCG",4,3,3,4,4,4,3,2,4,2
"GAAAGTTTACCC",3,3,1,3,2,11,3,1,4,3
"GTCGAAAGCAGT",1,2,1,2,1,1,2,1,1,1
"TCGATGTCTGTA",2,1,2,1,3,1,1,1,4,3
"AGCCGAAATCTC",2,4,2,1,3,2,1,1,2,1
"CGGGTGCGTACT",4,3,3,4,4,16,3,1,2,2
"CGTTCGCGCCAA",3,3,1,3,2,1,3,1,2,1
"CTTTTCTATCTC",2,1,2,1,3,3,3,1,2,2
"GAGAAGTGAGTA",1,2,1,2,1,1,3,1,1,3
"TAGCTTATACCG",3,3,1,3,2,1,3,1,4,3
"CTAACGCTCCCG",1,2,1,2,1,1,3,1,1,3
"TTAGAAATAGGG",2,3,2,1,3,42,2,4,2,3
"ACACGTTCGGAT",4,3,3,4,4,44,3,1,1,2
"CCGTCCGATACG",3,3,1,3,2,9,2,1,1,3
"TTCCCTGTCCCG",3,3,1,3,2,3,3,1,2,3
"TTGCCGCGAAGC",1,3,1,2,1,1,3,1,2,3
"TACATTCTGCCC",2,1,2,1,3,2,1,1,2,1
"TATCTACCTAAC",1,2,1,2,1,1,2,3,1,3
"TCGACTGCGATC",4,3,3,4,4,56,3,3,1,3
"TAGAACACATAC",1,2,1,2,1,1,2,1,1,1
"TGTTGATGGCAG",3,3,1,3,2,24,3,1,2,2
"CCCGTGTCCGCT",1,2,1,2,1,2,2,1,1,1
"AACTGTGCTAGT",3,3,1,3,2,1,3,1,2,3
"CAGAGATGTTAG",3,3,1,3,2,1,3,1,2,3
"GACGTTTAGATG",2,4,2,1,3,1,3,1,1,3
"AGGAATTTACAC",3,3,1,3,2,59,3,1,1,2
"CGCGCCTCGGAA",4,3,3,4,4,31,3,1,4,2
"GATAGGTCGCAC",1,2,1,2,1,2,1,1,1,1
"AACCCTGGCGGA",1,2,1,2,1,2,1,1,1,1
"ACCATGGCCATC",4,3,3,4,4,44,2,1,2,2
"TTTGCTGACGAA",3,3,1,3,2,66,3,1,2,2
"CCTGGCAAGAGA",1,2,1,2,1,18,3,3,4,3
"TACTACCTCGTT",1,2,1,2,1,1,2,1,2,1
"AGCCGTGATGGT",2,4,2,1,3,2,1,1,4,1
"AGTTTGGGCATT",2,1,2,1,3,6,3,1,2,3
"ATCTTGACGGCG",3,3,1,3,2,1,3,1,1,1
"GTGGATGGTCTA",3,3,1,3,1,54,3,2,1,2
"TATTAGGACGCA",1,2,1,2,1,1,3,1,2,3
"GATTGTTGCAGG",3,3,1,3,2,21,3,2,3,3
"CAGTAAGTCAGT",4,3,3,4,4,25,3,1,2,3
"CGTGTGCAAAGA",3,3,1,3,2,1,3,1,1,1
"CCAGTAACCTTG",3,3,1,3,2,35,3,2,1,2
"ACCCGGGAACGA",1,2,1,2,1,1,2,1,2,3
"CGTACTTCGGAG",3,3,1,3,2,59,3,3,1,2
"AACCTCACTATA",2,1,2,1,3,1,3,1,2,3
"AGGTCGACGCGT",1,2,1,2,1,47,3,3,2,2
"GCAGTCTCGGAC",1,2,1,2,1,2,2,1,4,1
"AAGTTGTTCGCG",2,1,2,1,3,2,1,1,1,1
"CTTGTACAATCT",2,4,2,1,3,1,3,1,2,1
"TCTGAAAGGGCG",3,3,1,3,2,33,2,1,2,2
"ATTCGCAATGCT",2,3,2,1,3,2,4,1,4,1
"CGATTCAGCACT",2,3,2,1,3,2,4,1,2,1
"GTTGAGACTATA",1,2,1,2,1,1,2,2,1,1
"TGTTTCGGAATT",1,2,1,2,1,1,3,1,2,1
"GAACACTTGCGT",1,2,1,2,1,2,2,1,2,1
"GGTTGCATCGTT",3,3,1,3,2,17,3,1,1,2
"CTAGAGGCTAGG",1,3,2,2,1,1,2,1,1,1
"ATATCCCCTCTT",1,3,1,2,2,2,2,1,1,1
"CCCACCTTATTT",4,3,3,4,4,1,1,1,3,1
"GACATGCGACTC",3,3,2,1,3,1,3,1,2,3
"CTCGTAAGCGGA",1,3,1,2,1,1,2,1,4,3
"GCATATCCCATC",1,2,1,2,1,2,2,1,1,1
"GACAATTTAATA",1,2,1,2,1,1,3,1,2,1
"GATGGTGAGACC",1,2,1,2,1,1,3,1,3,3
"CTCACACCATGC",3,3,1,3,2,3,3,1,1,3
"AAACGAACGATG",1,2,1,2,1,2,1,1,2,1
"CGGGCAGCGCTC",3,3,1,3,2,2,2,1,1,1
"GTATCATTTGCA",3,3,1,3,2,1,3,4,2,3
"CGCGGTTAAGAT",2,4,2,1,3,1,2,3,2,3
"GCTCGGAGAATG",3,3,1,3,2,54,3,3,1,2
"GCATAGCACGAG",2,4,2,1,3,2,1,1,1,1
"CTGTCAAATTCC",1,2,1,2,1,2,2,1,1,1
"TGTTGACTCTCT",2,4,2,1,3,1,3,1,3,3
"TACCCCTGGGCC",1,3,1,2,1,2,2,1,3,1
"GGGCCGGGGTTC",2,4,2,1,3,8,3,1,2,3
"GAATGCAGTGCG",3,3,1,3,2,1,3,1,2,3
"CAAAGATCAGTG",3,3,1,3,2,2,2,1,2,3
"CCCCTCAGAGCG",3,3,1,3,2,21,3,1,1,2
"TTGAGATTTTTT",2,4,2,1,3,4,3,1,2,3
"TTGCGGTTTAGA",4,3,3,4,4,1,3,1,1,1
"CAGCTCGCTTAT",1,2,1,2,1,5,3,1,3,3
"GCAAGACGACCT",1,2,1,2,1,5,2,1,1,1
"TCATCCTCCACG",2,4,2,1,3,2,4,1,3,1
"TCGCTGGCCTGG",1,2,1,2,1,1,3,1,2,1
"CCCAACCTCATA",1,2,1,2,1,7,3,1,2,3
"GTATACTGACGT",1,2,1,2,1,1,2,3,2,1
"CATAGTACATCA",3,3,1,3,2,5,2,1,2,2
"GTGCTTTTTTAA",1,2,1,2,1,12,3,1,2,3
"TCTGAGATGAGC",3,3,1,3,2,34,2,1,2,2
"GTCATTGTTGAA",3,3,1,3,2,2,1,1,2,1
"GTCGCATTCTGT",4,3,3,4,4,1,3,1,2,3
"CCCCATCGCGTG",2,4,2,1,3,2,1,1,1,1
"ATCGCCACGGGC",1,2,1,2,1,1,3,3,3,3
"CTTAAGTTGAGT",4,3,3,4,4,7,3,3,1,2
"GTTCTGGTCCTG",1,3,1,2,1,7,2,1,1,3
"TATCCTATGCCT",3,3,1,3,2,48,2,1,2,3
"GCCTTATGGCGG",2,1,2,1,3,4,3,4,4,3
"GCTTAAATGGCC",1,2,1,2,1,1,3,1,1,3
"AGGCACACCTCT",1,2,1,2,1,1,2,1,2,1
"GACGTTCAATCC",2,3,2,1,3,2,1,1,3,3
"GCCTGAATCAAG",3,3,1,3,2,16,3,1,2,2
"CAACACCTAACA",3,3,1,3,2,35,3,4,2,2
"AAGACGGTCCTC",1,2,1,2,1,4,3,1,2,3
"ACAAGAGAATTG",1,2,1,2,1,1,2,1,2,3
"CAGTCCAATTGG",2,1,2,1,3,1,3,3,2,3
"CTGTGTCACTAG",1,2,1,2,1,7,3,2,3,3
"TCTCGAGGGTAC",1,2,1,2,1,5,2,2,2,2
"CTTATGACTCGT",1,2,1,2,1,1,2,2,1,3
"GCTGAACTAACA",2,4,2,1,3,2,1,1,3,1
"CACGCTTTACTG",1,2,1,2,1,1,2,1,2,3
"CAGGACATTTTA",3,3,1,3,2,1,3,1,2,3
"AAAACGCCTTTC",1,2,1,2,1,1,2,1,2,1
"TGCTACGTGTTC",2,1,2,1,3,12,3,1,2,3
"CGGACAAGTTAA",1,2,1,2,1,2,1,1,2,1
"CCGCTTTACGTA",4,3,3,4,4,2,2,1,1,1
"GTCAATAACAAC",4,3,3,4,4,1,3,2,1,1
"CTCAACCCATTG",3,3,1,3,2,2,1,1,1,1
"CGCGGTTCTCCG",2,4,2,1,3,2,1,4,2,1
"ATGCGATCTCTG",4,3,3,4,4,4,3,2,1,1
"GTCGCATTCATA",3,3,1,3,2,3,3,2,2,2
"CTATGTACCGGG",1,2,1,2,1,2,2,1,2,3
"GCCGTTGACGTA",1,2,1,2,1,2,1,1,3,3
"TCGACACGAAAT",2,4,2,1,3,1,3,2,4,1
"CGACTCACTCGC",2,4,2,1,3,2,1,1,3,1
"CACTTTCGGCAT",2,1,2,1,3,4,3,1,4,3
"GATCCCTTGTGG",2,4,2,1,3,2,1,1,2,1
"CGGTTTGCCCAG",1,3,1,1,3,1,3,1,1,1
"CTCGCCGCCCAT",2,3,2,1,3,3,3,1,2,2
"ACTAAAGGCCTC",3,3,1,3,2,1,2,1,2,3
"GGCAACTGCTTA",2,4,2,1,3,10,3,3,2,2
"GCGACACTGACA",4,3,3,4,4,22,3,1,2,2
"GGCAGCAATGTC",1,2,1,2,1,59,2,2,1,2
"AAGGCCCGCCAC",3,3,1,3,2,17,3,2,1,2
"GTAGGACCGCGT",2,4,2,1,3,15,3,1,4,3
"ACCGTTTCTCTC",1,3,1,2,1,1,3,1,1,1
"TAAATAGTGTCG",1,2,1,2,1,2,1,1,1,1
"GACAGGAAATAT",1,2,1,2,1,2,4,1,2,1
"TCCAAATGGAAC",1,2,1,2,1,1,2,1,4,3
"CCCTTCCATTTC",2,1,2,1,3,2,1,1,2,1
"ACTTCCCAAAAG",3,3,1,3,2,1,2,2,2,2
"AGACCGTCGTTT",1,3,3,4,4,5,2,1,1,1
"GAGATGGTATGA",2,4,2,1,3,2,1,1,3,1
"GATTACGTTTGT",1,2,1,2,1,2,1,1,1,3
"ACCAACGATTCG",3,3,1,3,2,3,3,1,1,3
"GACCTCCGCTAA",3,3,1,3,2,2,1,1,2,1
"ACGTATTGCCTT",3,3,1,3,2,1,2,1,2,3
"GGGTATCCTCTA",4,3,3,4,4,5,3,3,1,3
"TATAACGCGGAT",3,3,1,3,2,28,3,4,1,2
"AACCGTTAGGTC",3,3,1,3,2,3,3,1,2,2
"ACGAAATGGTAT",3,3,1,3,2,35,3,4,2,2
"CATGGTCGCTTT",1,3,1,2,1,37,2,2,2,2
"GATAAAAGATGC",2,4,2,1,3,2,1,1,3,1
"TTGACTGTCGAA",3,3,1,3,2,39,3,1,2,2
"CGAGCAACATTA",1,2,1,2,1,1,2,1,3,1
"TGTAGGGCTCAG",2,4,2,1,3,3,3,3,2,2
"TTAGCGACTTGT",3,3,1,3,2,2,2,1,2,1
"CAGGGGGGAGGA",1,3,2,2,1,2,1,1,2,3
"GGAATTAAGTCG",3,3,1,3,2,58,3,1,2,2
"ACATCTAGGTAA",2,3,2,1,3,2,1,1,2,1
"GCTCCAGACATC",2,4,2,1,3,2,1,1,1,1
"GTCCTAGAACTG",1,2,1,2,1,3,3,1,4,3
"TAGGTCGGATAA",2,4,2,1,3,2,1,4,2,1
"TGGTTACAACGA",2,1,2,1,3,4,2,3,3,3
"AGTGTTAGCTTT",4,3,3,4,4,38,3,4,3,2
"CCTACACTCGGT",3,3,1,3,2,56,3,4,1,2
"AAAACCGGTACC",4,3,3,4,4,1,3,1,1,3
"GTGTGTCGGAGA",3,3,1,3,2,39,3,1,2,2
"GCCAGTCTGGCC",3,3,1,3,2,3,2,2,2,3
"ACAACGTGATCA",2,4,2,1,3,19,3,2,2,2
"TAAAACAGTGCC",1,2,1,2,1,3,3,1,1,2
"CCAGCATACTCT",2,1,2,1,3,1,3,4,2,3
"CCGCGATTATAG",1,3,1,2,1,2,2,1,1,1
"TAGAATTGCAGA",4,3,3,4,4,13,2,1,1,3
"ATGTAACTGGTG",3,3,1,3,2,1,2,1,2,3
"GGGTCGCCTTCT",1,2,1,2,1,1,3,3,2,3
"TAGGGCTCGGAC",1,2,1,2,1,2,2,1,3,1
"TTATGACAAGAA",2,4,2,1,3,1,3,1,1,3
"ATGACTTACGCA",4,3,3,4,4,24,3,1,1,2
"GCACAACGGGTC",2,3,2,4,3,2,4,1,3,1
"ACCGCTAGCGGA",2,4,2,1,3,2,2,1,2,1
"GCTACACCAGTG",4,3,3,4,4,59,3,4,2,2
"TACGCTTCCAGG",3,3,1,3,2,1,3,1,1,1
"TGCCTCGATGAG",4,3,3,4,4,1,2,1,3,3
"GGCGGCGACTCC",1,2,4,2,1,1,3,1,2,3
"TATCGCTGCTCC",2,4,2,1,3,2,1,1,3,1
"ACAACCACCAAG",3,3,1,3,2,5,2,1,2,2
"TATGTCCCACGG",2,4,2,1,3,1,3,1,2,3
"TGGGTTAGACGT",1,2,1,2,1,2,2,1,2,3
"GCGCATATAAGT",1,3,3,4,4,1,3,1,2,3
"GGGCTACAGCTG",1,2,1,2,1,2,2,1,1,4
"TGAGGTTACTCG",2,4,2,1,3,1,3,1,2,1
"TTCGTATGTTCC",3,3,1,3,2,20,2,3,2,2
"TATTGTCTGTGC",2,4,2,1,3,1,3,1,2,3
"CCTCTAATATCT",2,1,2,1,3,1,3,1,4,3
"TGCACCGAGGCC",4,3,3,4,4,1,2,1,3,1
"TACACCACAGTC",3,3,1,3,2,30,3,1,4,2
"TCATTATCTACT",3,3,1,3,2,1,2,1,3,3
"TTGTACAGCACA",4,3,3,4,4,13,3,1,1,3
"TTCATTATCTGC",2,3,2,1,3,2,4,1,2,1
"GGCGAATGCTAC",2,4,2,1,3,2,1,1,2,1
"CATTGCGATCCT",3,3,1,3,2,26,3,2,4,2
"AACAGTTCCAAC",2,4,2,1,3,2,4,1,3,1
"CAGGTAACCCGG",2,4,2,1,3,2,2,1,2,3
"TACTGCCAGCAC",2,4,2,1,3,1,3,1,3,3
"CCCGTTCGTATC",2,1,2,1,3,1,3,2,1,3
"TTTACAACGTTG",1,2,1,2,1,1,2,2,2,3
"AGAATTAGAGTA",1,2,1,2,1,57,3,4,1,3
"AGCGGAAGGCCA",2,4,2,1,3,7,2,1,4,3
"ATATCCCATCAT",4,3,3,4,4,1,2,1,4,3
"CTTACTCGTTCC",4,3,3,4,4,36,3,2,3,3
"AACCCCGGCCAG",1,2,1,2,1,2,1,1,2,1
"CGACGCCTACGA",2,4,2,1,3,2,1,1,3,3
"TTTCACGACATT",3,3,1,3,2,1,3,1,2,3
"GAATCCTTATGC",1,3,2,1,1,4,3,1,2,2
"GCAAACCGCCTA",4,3,3,4,4,50,3,1,3,2
"AAGCTGGACGAT",2,4,2,1,3,2,1,1,2,1
"TCGAGAGTTGAG",1,2,1,2,1,2,3,1,2,3
"AAGGGGCGACTC",2,4,2,1,3,1,3,1,1,3
"GCCTTGCTGGTT",2,4,2,1,3,1,3,1,2,3
"CTGCAAGACGTA",1,2,1,2,1,1,3,1,3,3
"CCAACCGTAGAT",3,3,1,3,2,1,3,1,1,3
"CGGTATCAGGAA",1,2,1,2,1,1,3,1,1,1
"GGACGAATCCCA",3,3,1,3,2,65,3,2,1,2
"CGACCATTCTCA",1,2,1,2,1,1,3,1,2,1
"GCGTCGTCCTAA",4,3,3,4,4,1,3,1,2,3
"CTCCAGAAATAG",2,4,2,1,3,3,3,1,2,3
"TACGGTGAGTGT",3,3,1,3,2,13,3,1,1,3
"AAGCCTGTTGTA",2,3,2,1,3,2,1,1,4,1
"GATGTAGGAGGA",2,4,2,1,3,2,1,1,2,1
"ACCCTGGAGACG",3,3,1,3,2,6,3,1,2,3
"GTTTGGTGGTCG",2,4,2,1,3,11,2,1,2,3
"GAGTCAACGGAA",3,3,1,3,2,50,3,1,1,2
"ACCTGGGGCAAC",1,2,1,2,1,1,2,1,2,3
"CGGATTGTTATT",3,3,1,3,2,2,1,1,2,3
"TGTTTACGCCTT",1,3,1,2,1,1,1,2,1,1
"AAGTTCCGAAAT",3,3,1,3,2,1,3,2,4,3
"CCGACGACCCTC",1,2,1,2,1,15,3,1,1,2
"GAGGGGCTCAAA",2,4,2,1,3,2,1,1,2,1
"GTATTCCGATTA",2,1,2,1,3,2,1,1,2,1
"TATCAAAGCGAG",1,2,1,2,1,2,1,1,1,3
"CACATGCAGCAC",1,2,1,2,1,3,3,1,1,3
"CTCACCTCTGAT",2,4,2,1,3,2,1,1,3,1
"TCGGGGCTCATA",1,2,1,2,1,17,3,4,2,2
"CCCGAATCTATG",1,2,1,2,1,2,2,1,2,1
"CGGTACATTTGA",3,3,1,3,2,43,2,3,1,2
"ACTTGACTTGGC",3,3,1,3,2,2,1,4,1,1
"ATGGTCCGTAAG",4,3,3,4,4,3,3,1,4,3
"CAGCCAATGCCA",3,3,1,3,2,23,3,1,3,2
"CCAAGTGCCCTA",3,3,1,3,2,67,3,3,2,3
"GTCGACCAATTG",1,2,1,2,1,2,1,1,3,1
"CTGTCCGACCAT",4,3,3,4,4,1,2,1,2,3
"TGCCTTCTTTGA",1,2,1,2,1,9,2,1,2,2
"TGTAGATATTGA",2,4,2,1,3,2,1,3,1,1
"AGGTAGCTTGGT",1,2,1,2,1,1,2,1,1,1
"TTGCCGGAGGGC",2,4,2,1,3,8,3,3,2,2
"GTAGGCTGGAGT",3,3,1,3,2,1,3,1,2,1
"CGACTAGAACCA",2,4,2,1,3,1,2,1,3,3
"GTGCCACACATT",1,2,1,2,1,1,2,1,2,1
"GACGACATGTTC",4,3,3,4,3,2,2,1,3,1
"GGCTGTACAACA",1,2,1,2,1,1,3,1,2,3
"AACGGGCCGCCA",2,4,2,1,3,1,3,3,2,3
"AGACGAACCTAT",2,4,2,1,3,2,4,1,2,1
"CGAAGTTTCGTA",1,2,1,2,1,1,2,1,1,1
"GTTGGGTAACAC",2,3,2,1,3,2,4,1,4,1
"AACACAGGACAT",3,3,1,3,2,1,3,1,1,3
"AAGATTTAGGTA",1,3,1,2,1,6,3,1,2,2
"AGTTTTATACCT",3,3,1,3,2,1,2,1,3,1
"CAACAAGAGTAC",2,4,2,1,3,2,1,1,3,3
"GGTTACCGTCTT",3,3,1,3,2,22,3,1,4,3
"TGAGTGAATGTT",4,3,3,4,4,2,1,1,3,3
"CTGTAGCCATCC",4,3,3,4,4,25,2,3,4,1
"GGATAGGGCCCC",1,2,1,2,1,1,3,2,1,1
"TGCACTTCACAT",3,3,1,3,2,2,1,1,4,1
"CGCGATACGGCG",1,2,1,2,1,38,3,2,1,2
"TGTGCCCGATAG",1,2,1,2,1,1,3,1,2,3
"GTCTAGAAGGGC",1,2,1,2,1,39,3,3,2,2
"CTCTACATCCTC",1,2,1,2,1,1,2,1,2,1
"TAGTGTCTGGCG",1,2,1,2,1,15,3,1,1,2
"CAACCCTGTGTC",1,2,1,2,1,9,3,1,2,3
"AGTTGGGCAGTC",1,3,1,3,2,59,3,1,4,2
"ATTAAGCAGAAC",2,4,2,1,3,1,3,1,2,3
"CTTGCGACACTT",1,3,1,3,2,3,3,1,2,3
"TTCGCTGCGTTT",3,3,1,3,2,17,3,1,2,1
"GTTGAACCGATT",1,2,1,2,1,1,2,1,2,3
"TCCTTTTTTAGT",2,3,2,1,3,1,3,1,3,3
"GCTAATGCCCAT",2,4,2,1,3,2,2,1,4,3
"GGGCCAAACACC",4,3,3,4,4,4,3,1,2,3
"TCCCTGAGGTTT",4,3,3,4,4,3,3,3,2,3
"TAAGTGCGCTAC",2,4,2,1,3,2,1,1,4,1
"TCGAACCGGTCA",2,4,2,1,3,2,1,1,2,1
"AGTGAACCAGTG",1,2,1,2,1,2,1,1,2,1
"TAAACACGTAAG",3,3,1,3,2,1,2,3,1,1
"TATAGGCGAATA",4,3,3,4,4,61,3,1,2,3
"AAAATTCGATCA",1,2,1,2,1,1,3,2,1,1
"GGGAGACGAAGC",2,4,2,1,3,1,3,1,1,3
"TGCATAGCTATC",1,2,1,2,1,6,2,1,1,3
"AACCTTTAGCCC",1,2,1,2,1,20,3,3,2,2
"ATCCCCCAGGGA",2,4,2,1,3,2,1,1,2,1
"GTTCCGAACGGA",2,4,2,1,3,2,1,2,3,1
"ATCTATATTGAA",1,2,1,2,1,1,3,1,2,1
"CGGAACTTCCCG",3,3,1,3,2,20,3,1,1,2
"CGTGTAACGTAG",1,2,1,2,1,19,3,1,1,2
"GCTGTTATGGGA",4,3,3,4,4,5,3,1,3,3
"TCGGGGATCACA",1,2,1,2,1,5,3,1,2,3
"ATTACTGCAGTC",4,3,3,4,4,60,3,1,2,2
"CTGCGACACTGG",1,2,1,2,1,7,3,1,2,2
"AAACCGCCATAT",1,2,1,2,1,64,3,1,2,2
"ACCTTGACATGG",1,2,1,2,1,1,3,2,2,3
"CTTATGACGGCG",3,3,1,3,2,12,3,1,2,2
"TCGCGAGGCGGT",2,4,2,1,3,41,2,1,2,2
"AGTCAGGAACGT",4,3,3,4,4,42,3,1,2,2
"GCCAGCCACTTT",4,3,3,4,4,2,1,1,1,1
"AATTCACGTATG",1,2,1,2,1,2,1,1,4,1
"TTACACCGCTTG",1,2,1,2,1,41,3,1,2,2
"GAGTAACATAGG",1,2,1,2,1,1,3,1,1,3
"TTGATAAGGCTG",3,3,1,3,2,37,2,2,3,2
"AGCCGACGATGC",2,4,2,1,3,1,3,1,2,3
"AGTGGTCTCCAA",1,2,1,2,1,25,2,1,1,2
"CATAAGCCAGCC",4,3,3,4,4,62,2,3,2,2
"TTACACCTGCAC",2,4,2,1,3,1,1,1,2,3
"ACAAGCTAGGCG",1,2,1,2,1,33,3,1,2,2
"ACACTGAGCAGG",2,4,2,1,3,2,1,1,2,1
"TCCACCTCACCT",2,3,2,1,3,2,2,1,4,3
"CGGTAGAGCTAT",3,3,1,3,2,1,1,1,3,3
"ATTTGGCTACAA",4,3,3,4,4,1,2,2,1,3
"TCAGCTTCGGAC",2,4,2,1,3,2,1,1,2,1
"CTTGCCGCCATT",4,3,3,4,4,4,3,1,2,3
"AAGCCCTAGACC",1,2,1,2,1,1,3,1,2,3
"ACAATTGCCTAC",2,4,2,1,3,1,3,1,2,3
"CTTAGTCTGAGA",1,2,1,2,1,1,3,2,2,3
"AGGACGATTGTT",4,3,3,4,4,3,3,1,1,2
"GGGAGTTAAACC",1,2,1,2,1,62,3,3,1,2
"ACTTGTTAGTCT",4,3,3,4,4,64,3,1,3,2
"ATCGTTGGGCTG",2,3,2,1,3,2,4,1,2,1
"ACGAACGCGCTT",2,4,2,1,3,12,3,1,2,3
"CCAAATTACCGG",3,3,1,3,2,1,3,1,1,3
"CTTTTAGGTCGG",1,2,2,2,1,5,3,1,1,3
"ATCAGCTTGAAA",1,2,1,2,1,2,2,1,2,3
"ATAGTACCCTCC",4,3,3,4,4,54,3,1,2,3
"GCGTGGTTACGC",3,3,1,3,2,61,3,1,2,2
"GTAGTTCCGTTG",4,3,3,4,3,8,2,1,2,1
"CGTCCTTAGATC",1,2,1,2,1,1,2,1,2,1
"GGAGTATAAACT",1,3,1,2,1,1,3,1,2,3
"GTAAATTACTGG",1,2,1,2,1,36,3,2,2,2
"TCGCAAGCACTC",4,3,3,4,4,1,3,1,2,3
"ATGTGAGGGTGG",3,3,1,3,2,65,3,1,2,2
"CCTTGTTCATTT",2,4,2,1,3,2,1,1,4,1
"GTTGTCATTATC",4,3,3,4,4,2,1,1,1,1
"CAGAGCAACTTT",1,2,1,2,1,1,3,1,2,1
"CTCGTTCTGTAA",2,4,2,1,3,1,3,1,2,1
"GTGGATGATCAC",1,2,1,2,1,1,2,2,3,1
"TGGGTAGTGCCG",3,3,1,3,2,3,3,1,2,3
"GATCTCCACAGG",4,3,3,4,4,1,2,2,1,1
"CGACCGACTTTC",2,4,2,1,3,2,2,1,3,1
"GCTAACCTTATC",4,3,3,4,4,1,2,1,1,3
"GGTGCCTACAGT",3,3,1,3,2,1,2,1,1,4
"CGATTGTTAGCT",1,2,1,2,1,1,3,1,1,3
"GGCTGCCACACT",1,2,1,2,1,11,2,1,2,3
"TCGTCGGCACTT",2,4,2,1,3,2,1,1,2,1
"CGAGATGTCGCA",3,3,1,3,2,24,3,1,2,2
"CTTGACAGTCTG",4,3,3,4,4,10,3,1,1,3
"GTAATATGATGC",4,3,3,4,4,2,1,1,1,1
"AGCACCGTATTT",2,3,2,1,3,2,4,1,1,1
"ATCTGATACGTG",2,4,2,1,3,1,3,1,2,1
"GGGACAATCCGT",3,3,1,3,2,1,1,1,3,3
"GGGTGCTCGGTT",1,3,2,1,3,1,2,1,4,3
"AGTATACCTGAG",3,3,1,3,2,65,3,1,4,2
"ATTTGTTGAGCA",2,4,2,1,3,1,3,3,2,3
"TTTTAACGAGAG",3,3,1,3,2,1,3,1,2,3
"CCACCGAGCAAA",2,4,2,1,3,1,3,1,2,1
"GGCGGATACACG",2,4,2,1,3,2,1,1,2,1
"AGCGTTGCGAGC",3,3,1,3,2,19,2,1,2,2
"CCCCAGCATAGG",2,4,2,1,3,32,3,2,4,2
"AAACGAAAAGTC",3,3,1,3,2,2,1,1,3,3
"AGTGTTACCCTG",2,4,2,1,3,1,3,3,2,3
"CCCGGCTTTTGG",1,3,4,2,1,7,3,1,2,3
"AGCCAATACCCT",1,3,1,2,1,2,3,1,2,1
"ATCGCGTGTATC",4,3,3,4,4,2,4,1,1,1
"CATGTCCCGGCC",2,4,2,1,3,4,3,3,4,3
"CTGGTTAGTCAC",4,3,3,4,4,8,3,3,2,2
"CGGAGGAGGCTA",3,3,1,2,2,42,3,3,1,2
"GGATACGAAATA",2,4,2,1,3,14,3,2,1,2
"CGAGCGGATAAG",3,3,1,3,2,3,3,1,2,3
"GGGCTATCTGAC",4,3,3,4,4,1,1,1,2,3
"TTCAGGGAGTTT",2,3,2,1,3,2,1,1,2,1
"ATATTTTGCTAT",2,4,2,1,3,1,3,1,2,3
"CACATCGCATCG",1,2,1,2,1,2,2,1,1,1
"CTGCACGCCCAT",1,3,2,2,1,2,2,3,3,1
"GTGAGCTAGAGA",3,3,1,3,2,45,3,1,1,2
"CTCAGTGAGATG",4,3,3,4,4,5,3,3,2,2
"CTTACCAGAGGT",3,3,1,3,2,1,3,3,2,3
"GGAGTGGGATGC",3,3,1,3,2,54,3,1,1,2
"TCTGAGTTAACC",1,2,1,2,1,64,3,1,2,2
"CATAAGGTCGTT",1,2,1,2,1,6,3,1,2,3
"GGTGTTTCCAGC",3,3,1,3,2,1,2,1,2,1
"GTGACTTCAAAT",1,3,2,1,1,6,2,1,2,3
"TTCCGTTTGAGT",1,3,4,4,4,2,2,1,3,1
"CCTGTGATAAGG",1,3,1,2,1,5,2,1,1,3
"CCTTCGCTGCCG",1,3,2,1,3,2,4,1,4,1
"GGAGCTGTTAGA",2,4,2,1,3,1,3,4,2,3
"CGCAGAGAAGCC",1,3,1,2,1,1,3,1,3,1
"GTCACTTGATCA",4,3,3,4,4,4,3,1,2,2
"TAACTTATGCCA",2,4,2,1,3,2,1,1,1,1
"AAAGGGCCAAAG",1,2,1,2,1,18,3,1,2,3
"TTAGCTTTGTAT",4,3,3,4,4,13,3,2,2,2
"CTGCAGTAATAA",4,3,3,4,4,6,2,1,1,3
"ACACCCAATATT",1,2,1,2,1,1,3,1,1,1
"CGTATTCCAAGG",1,2,1,2,1,1,2,1,1,4
"ACGTTCCGAGAA",4,3,3,4,4,1,3,1,2,3
"CTACCCTTTGAA",4,3,3,4,4,64,3,2,1,2
"GAATCGTTAAGG",1,2,1,2,1,1,3,1,3,3
"GCCAACGAAATA",2,3,2,1,3,1,3,4,3,3
"AATCTATGTCGC",4,3,3,4,4,13,2,1,2,3
"AGGATAAGTTAT",1,2,1,2,1,47,3,4,2,2
"TGTCAAGTTTAA",2,4,2,1,3,6,3,1,2,3
"ACGCGCACCGGT",1,3,2,1,1,2,1,1,2,1
"GGACTAATGCGT",4,3,3,4,4,1,3,1,2,1
"AAGGCTTGCTGC",4,3,3,4,4,1,1,1,2,3
"CGCTAAAATGCT",1,3,1,2,1,6,3,1,2,2
"ACACTCTGTTGC",1,2,1,2,1,21,3,1,2,2
"ATTGTTGACTAA",2,4,2,1,3,2,1,1,2,1
"CCCCTCACAGTT",3,3,2,1,3,1,3,1,2,3
"TAAGCTCTTAAG",1,3,2,1,3,2,4,1,3,1
"GTTCATGCTACG",1,3,1,3,1,51,2,3,2,2
"CGCTACGCTGTA",2,4,2,1,3,1,3,3,2,3
"AGACCGCCATCA",4,3,3,4,4,6,3,1,1,2
"CGCTCGGGTGAG",1,3,1,2,1,1,2,1,1,3
"ATAATGGTTGTC",4,3,3,4,4,1,3,3,2,1
"CTACTGCCCCCA",4,3,3,4,4,9,2,2,2,3
"TTGCCGCGACAC",1,3,1,3,2,21,3,1,2,2
"GAAGAGCCATGC",1,2,1,2,1,13,3,3,2,2
"TTCGGGCTCTAC",4,3,3,4,4,1,3,1,2,3
"CTCAGGCTGTTC",4,3,3,4,4,23,3,3,1,2
"CGAAGCCAGGCA",4,3,3,4,4,1,3,2,4,3
"CGTGTTACGCAC",4,3,3,4,4,24,3,1,2,2
"GCCCTGACAACC",4,3,3,4,4,31,3,2,2,3
"CTCGCCCGATGT",3,3,1,3,2,1,2,2,2,3
"GCTCTAGCGCTG",4,3,3,4,4,1,1,1,1,1
"GAGTTGCGAGTG",4,3,3,4,4,55,3,2,4,2
"TTCCCTGGCGAG",3,3,1,3,2,1,2,1,2,3
"GCCGTCACGATC",4,3,3,4,4,33,3,1,1,2
"CCAGGGAGCCTT",1,3,2,1,1,25,2,2,1,2
"ATAGGTGACATA",1,2,1,2,1,66,3,1,2,2
"CCACCGATGCAT",1,3,1,2,1,2,2,1,1,1
"ATCGGCCTGGTT",2,4,2,1,3,1,3,1,2,3
"CACGCATGCGCA",4,3,3,4,4,7,3,1,2,3
"CTTTGACGGGTA",4,3,3,4,4,44,3,1,2,2
"CGCCCCGAGATT",2,4,2,1,3,8,3,3,4,3
"TCACATGACAGC",2,4,2,1,3,1,3,1,1,3
"GACCTCGGGGTT",4,3,3,4,4,1,2,1,1,3
"ATTGCAAGCGCG",4,3,3,4,4,18,3,1,2,3
"CATGAAACTTGT",1,3,3,4,4,13,2,1,1,3
"GACGATATCCCG",4,3,3,4,4,1,1,1,2,3
"ATATCAGCCAGA",1,2,1,2,1,2,2,1,2,1
"CGGTCTCCGATG",1,3,2,2,1,1,1,2,1,1
"CGCGCGGGGCTG",1,2,1,2,1,1,3,1,1,1
"CTCTCAGGACTC",1,2,1,2,1,43,3,1,2,2
"TAGATGGTCCGG",3,3,2,1,3,2,2,1,2,1
"ACAATCCGTCTG",2,4,2,1,3,2,1,1,2,3
"TCGCGAGGTGTC",1,2,1,2,1,1,3,1,2,3
"CTGGACGGGCGC",1,2,1,2,1,26,3,3,2,2
"CGCGCAACCGAA",2,4,2,1,3,2,1,1,3,1
"GGTCATCAGACA",2,4,2,1,3,2,1,1,1,3
"CCGATAAGAGCC",4,3,3,4,4,10,3,1,2,2
"TGAGAGTGGACT",4,3,3,4,4,28,3,2,1,2
"TTCGCGCTCGGA",4,3,3,4,4,1,2,1,1,3
"CGGTATGGGTGC",2,4,2,1,3,1,3,1,2,3
"GAGTACTAGAGT",1,2,1,2,1,1,3,1,2,3
"TTAGGGCTTGGC",2,4,2,1,3,3,3,4,2,2
"AGGAAGAAACCA",1,3,1,3,2,10,3,1,2,2
"GCAATCATAGTG",1,2,1,2,1,49,2,1,2,2
"ATAACCAAAAGA",3,3,1,3,2,1,3,1,2,1
"GAGTAATTCTGT",4,3,3,4,4,53,2,1,1,3
"CCACTCAACACC",4,3,3,4,4,2,1,1,3,1
"TGTAGCAGCTGC",2,4,2,1,3,1,3,1,2,3
"GGAGTTACCGAG",1,3,1,2,1,15,3,1,1,3
"AGAAGTTAGACA",1,2,1,2,1,2,1,1,1,1
"GCGTTATTCTTG",4,3,3,4,4,7,3,1,3,1
"TCTAACTGCGAG",1,2,1,2,1,1,3,1,3,3
"GGCGTGGTCATG",1,2,1,2,1,4,2,1,4,1
"GGGTCAAAGCCA",1,3,2,1,3,2,4,1,4,1
"CGGAACGAGTCA",1,3,1,2,1,20,3,1,1,3
"CGGGTGGGATCC",2,4,2,1,3,1,3,1,3,3
"CTAGCACAAATC",2,4,2,1,3,8,3,1,2,3
"GTCCTCCTCCGC",4,3,3,4,4,46,3,3,2,2
"TATTGTGGCTTT",2,4,2,1,3,1,1,1,2,3
"TAGTCAGTCGTG",1,2,1,2,1,1,3,1,1,1
"ACGACCTCGAAC",4,3,3,4,4,9,2,1,2,2
"CAGACCCTGACA",1,3,1,2,1,1,3,1,2,1
"AGCTAAACATTT",1,2,1,2,1,10,2,1,2,2
"TTTTTTTGGTAG",2,4,2,1,3,4,3,3,2,3
"GTCTTTCGGCCC",1,2,1,2,1,1,3,1,4,3
"GAGTTGGGGATG",1,2,2,2,1,3,3,1,2,3
"GTAATTGGTGGC",3,3,1,3,2,3,3,1,3,3
"TGTTCGTGACTG",1,2,1,2,1,6,2,1,2,3
"TGGAATCCGTAG",4,3,3,4,4,4,3,1,2,2
"GCCCGGGGCAAC",4,3,3,4,4,48,3,1,1,2
"GGGTCGATTGTT",2,4,2,1,3,1,3,1,2,3
"TACTAACTTAAC",1,2,1,2,1,1,3,1,2,1
"AATTTGGGAGCA",1,3,1,3,1,1,3,1,2,1
"GACTTTCCGTAC",3,3,1,3,2,11,3,3,2,3
"GGCTTCCCTTCG",4,3,3,4,4,17,3,1,1,2
"GAGTGGGGCCCT",4,3,3,4,4,2,2,1,1,1
"CAGCCCCAAGGC",4,3,3,4,4,1,2,2,1,3
"CATATACATAAA",2,4,2,1,3,14,3,1,2,2
"TACCGACAATAG",2,4,2,1,3,1,3,1,2,1
"CACTGAAGGACC",1,2,1,2,1,1,3,1,4,3
"AGTGAAGATGGC",4,3,3,4,4,1,3,1,2,3
"CTTATCATAGTA",2,3,2,1,3,2,1,1,2,1
"TTCGGTACAGTG",4,3,3,4,4,14,3,3,1,2
"TCCCTATTATCG",1,2,1,2,1,1,3,1,3,3
"CAGTGCACTTGC",2,4,2,1,3,1,3,1,2,3
"GAATTGCCCGTA",1,2,1,2,1,16,3,1,2,2
"AATCCCACTAAT",1,3,2,2,1,1,2,1,1,1
"GGTAAGCGGTAC",1,3,2,2,1,45,3,1,2,3
"TGACTAAGAGTC",2,4,2,1,3,2,1,1,4,3
"GAGGGCCCTATG",1,3,1,3,2,1,3,1,1,3
"GAAAGAACGAAG",1,3,4,2,1,1,3,1,2,3
"TCACCTTGCTAT",4,3,3,4,4,19,2,1,2,2
"ACGGCCTCCAAG",2,3,2,1,3,1,1,1,2,1
"CGCGGTCGTCTC",2,4,2,1,3,2,1,1,4,1
"ACCGTTGGGGCT",1,2,1,2,1,11,3,4,1,3
"GTTCTATTCCGG",1,2,1,2,1,19,2,1,2,3
"CGCTTCCGTAGC",1,3,2,1,3,2,1,1,2,1
"GAGAGTCGACAA",2,4,2,1,3,1,2,3,2,2
"GGCGCGTGAGCA",4,3,3,4,4,1,2,2,1,1
"ACGGACAGTATT",4,3,3,4,4,15,3,3,2,3
"TCCCAACTCAAG",1,2,1,2,1,4,3,1,2,3
"CAGCGTCTGGTC",1,3,1,2,1,4,3,4,1,3
"GGTGAACGTCTC",1,3,1,2,1,1,3,1,1,3
"AATTTGTACATG",4,3,3,4,4,4,3,1,1,2
"CCGGCGTGCCCG",4,3,3,4,4,7,3,1,4,3
"GGGAGAACGATC",3,3,1,3,2,1,2,1,1,3
"TGTTCATAGGAC",4,3,3,4,4,7,3,3,2,2
"ATTAACACGGGG",1,2,1,2,1,1,3,1,2,3
"ATCGTTGACTTC",2,4,2,1,3,1,2,1,2,3
"CAAAAAGCCCAC",2,4,2,1,3,9,3,3,1,3
"ACGGACGATTCA",3,3,1,3,2,1,3,1,2,3
"ACGCAGGAAGCG",1,3,1,2,1,22,3,1,2,2
"GCGAGGCCCTGA",1,2,2,2,1,1,3,1,2,3
"CTTTTATAATGT",1,2,1,2,1,5,3,1,1,2
"TAGCCCGGTCCC",4,3,3,4,4,1,2,3,2,3
"TTCTAGCAGCCA",2,4,2,1,3,2,1,1,2,1
"ACAGTTTAGAAA",1,2,1,2,1,55,3,1,2,2
"GTTCCGCCACTC",4,3,3,4,4,1,3,4,1,3
"AGTACCGATTGG",2,4,2,1,3,6,3,1,2,3
"AGAAATACATTA",1,3,2,1,1,1,3,1,2,3
"GGCCGCCCGGGG",1,2,1,2,1,1,2,1,4,1
"TTCCCCTACAAC",1,2,1,2,1,7,3,1,2,3
"TGTAATCATCTG",1,3,1,2,1,6,2,1,2,3
"ACATAAATTAGT",2,4,2,1,3,2,1,1,1,3
"ATAGTGCTCGCC",2,4,2,1,3,1,3,1,3,3
"GTTCTTCCTAGT",1,2,1,2,1,1,2,1,2,3
"ATCCGTTCAACG",1,2,1,2,1,8,3,3,1,2
"CCGACTAAGAAT",3,3,1,3,2,1,2,1,1,3
"AAGCCTGGGGGC",1,2,1,2,1,13,3,1,1,2
"CAGCTGGTGATG",1,3,1,2,1,2,2,1,3,1
